"fairelec","contrib","concede","equalvote","turnout","equalrights","speech","protest","media","limits","judicial","facts","id","rating_now","rating_2027","field"
NA,4,NA,NA,NA,NA,NA,NA,NA,NA,NA,NA,"R_33BXZ1AoqFSJ0dj",75,30,"International relations"
NA,3,NA,3,3,NA,NA,NA,NA,3,NA,NA,"R_5D2Bndkpz0LfWZA",50,51,"Political theory"
4,NA,NA,NA,NA,NA,NA,NA,NA,NA,4,NA,"R_578Vuq6wfzpHrvb",50,30,"American politics"
NA,NA,NA,NA,1,4,NA,NA,NA,3,NA,NA,"R_1oYZ4hckFpYO3yY",60,45,"Comparative politics"
NA,NA,NA,NA,3,NA,NA,NA,NA,NA,NA,NA,"R_1tmnQeRO20p4GkH",60,56,"American politics"
NA,NA,4,NA,NA,NA,NA,NA,NA,NA,4,NA,"R_3k7TOlUJBDuJxjr",100,100,"Comparative politics"
NA,NA,NA,NA,NA,NA,NA,NA,4,NA,NA,4,"R_1HAHS6NexIJYRNo",70,20,"Comparative politics"
NA,NA,NA,NA,NA,NA,NA,NA,NA,4,4,NA,"R_7HIGnV2FPC3bzBI",85,70,"Comparative politics"
NA,3,NA,NA,NA,4,NA,NA,4,NA,NA,NA,"R_3dfHsMVcAxIVnzL",82,92,"American politics"
4,3,NA,NA,NA,NA,NA,3,NA,NA,NA,NA,"R_3BhOqTBBbZ1iJBQ",50,15,"American politics"
NA,NA,NA,NA,NA,4,3,NA,3,NA,NA,NA,"R_608EbJjQnbcCYRe",80,65,"Comparative politics"
4,4,NA,NA,NA,NA,NA,NA,NA,NA,NA,NA,"R_7pQcgnSyMNZpBMA",50,41,"American politics"
4,NA,NA,NA,NA,NA,NA,3,NA,NA,NA,NA,"R_5KXGXLidCRus6gV",70,60,"Comparative politics"
4,4,NA,NA,NA,NA,NA,NA,NA,NA,NA,NA,"R_3XYx8eXG8ldCVQl",61,73,"Comparative politics"
NA,NA,NA,NA,NA,NA,NA,NA,NA,NA,NA,NA,"R_7j17d3EsDg4uL3b",45,25,"Comparative politics"
NA,NA,NA,NA,NA,NA,3,NA,3,NA,NA,NA,"R_5wgdiDtvVnRENra",84,23,"American politics"
4,NA,4,NA,NA,NA,NA,4,NA,3,NA,NA,"R_3uBx7WMZLHJLVWE",70,50,"American politics"
NA,NA,NA,NA,NA,NA,NA,NA,NA,NA,NA,3,"R_6t0fdRLuiUgQuOD",40,30,"Another field of political science"
NA,NA,NA,NA,3,NA,NA,NA,NA,NA,NA,NA,"R_3c5Bo0X96VGIBGK",90,90,"American politics"
4,3,NA,3,NA,NA,NA,NA,NA,NA,NA,NA,"R_3G7I9Qg1YrVWmXf",80,70,"Comparative politics"
4,NA,3,NA,NA,NA,NA,NA,NA,NA,NA,NA,"R_1XolgFCI6EV6T3J",85,75,"Comparative politics"
NA,NA,3,NA,NA,NA,NA,NA,4,NA,4,NA,"R_1cqkQT2PRYr0Js5",26,15,"Another field of political science"
NA,NA,NA,NA,NA,NA,NA,NA,NA,3,NA,NA,"R_3QG7DYYXrwsyYwQ",24,10,"American politics"
NA,3,NA,NA,2,NA,NA,NA,NA,NA,NA,NA,"R_5Jm9cqjYG78yOnE",95,95,"American politics"
NA,2,NA,NA,NA,NA,NA,NA,4,NA,NA,NA,"R_61XLSDqdFKgS4hj",81,83,"American politics"
NA,NA,NA,4,NA,NA,NA,NA,NA,NA,NA,NA,"R_3AslLUAppg4E1UZ",50,20,"American politics"
NA,4,NA,NA,NA,NA,NA,NA,NA,NA,4,NA,"R_6PQUTn5XGk20vo9",91,51,"Comparative politics"
NA,NA,NA,NA,NA,NA,NA,4,NA,NA,NA,NA,"R_3PbXy3r0qE0ohB4",70,60,"Comparative politics"
NA,NA,4,NA,NA,NA,NA,NA,NA,NA,NA,NA,"R_1QbTRSNTYlTCpjy",60,40,"International relations"
NA,NA,NA,3,NA,NA,4,NA,NA,NA,NA,NA,"R_5GjiZRyNPkcpi8C",52,54,"American politics"
NA,NA,NA,NA,NA,NA,NA,NA,NA,NA,NA,2,"R_6TnNaiCZIyxgCdd",71,30,"American politics"
NA,NA,NA,NA,NA,3,NA,NA,NA,NA,NA,2,"R_7DdCRfloDYhERrz",72,68,"American politics"
NA,3,NA,NA,NA,NA,NA,NA,NA,3,NA,NA,"R_3Xnx1I517EqGBYg",70,65,"American politics"
NA,4,NA,NA,NA,NA,NA,NA,NA,NA,NA,4,"R_6HFygZObhREWRum",43,36,"Political theory"
NA,NA,NA,4,NA,NA,NA,NA,NA,4,4,NA,"R_5cf6pA43IyGifRL",40,9,"American politics"
NA,NA,NA,NA,NA,NA,NA,NA,3,NA,4,NA,"R_3jeMGmg9OSdG7fc",75,70,"Comparative politics"
NA,3,NA,NA,NA,NA,NA,NA,NA,4,NA,2,"R_7TQKKftazdlqMPq",71,82,"Comparative politics"
4,NA,NA,NA,NA,NA,NA,NA,NA,NA,4,NA,"R_5sXPKuTFcPLox4h",66,58,"Comparative politics"
NA,NA,NA,4,NA,NA,NA,4,NA,4,NA,NA,"R_1dHfSqUPZLZPJuM",71,49,"Comparative politics"
NA,NA,NA,NA,3,NA,NA,NA,NA,NA,NA,NA,"R_7yf5MEYvzKXZoJ3",35,15,"American politics"
NA,NA,4,NA,2,NA,NA,NA,NA,NA,NA,NA,"R_5Cq894zCl2kRWkV",70,60,"International relations"
NA,NA,4,NA,NA,NA,NA,NA,NA,NA,NA,NA,"R_1pAuBCkqjl91Rtf",18,6,"American politics"
NA,NA,NA,NA,NA,NA,NA,NA,NA,NA,NA,NA,"R_3GedtzwKP7NOLLj",73,40,"Comparative politics"
NA,NA,NA,4,3,NA,NA,NA,NA,NA,4,NA,"R_7oIOtXJxXkBkQGB",30,25,"Political theory"
NA,3,3,NA,2,NA,NA,NA,NA,NA,NA,NA,"R_5wsNrsDSoDR6vHq",65,50,"International relations"
NA,NA,NA,NA,4,4,NA,NA,NA,4,NA,NA,"R_3EHeItDDnKELDA1",39,28,"American politics"
NA,NA,NA,4,NA,NA,4,NA,NA,4,NA,NA,"R_1mfwaMm2yraHx9S",71,31,"Comparative politics"
NA,NA,NA,4,3,NA,NA,NA,NA,NA,NA,NA,"R_60Iu7rZDFjDPhA4",65,60,"International relations"
NA,NA,4,NA,NA,NA,NA,4,NA,NA,NA,NA,"R_7ah1auruV31PCGA",10,10,NA
NA,NA,4,NA,NA,NA,NA,NA,NA,NA,NA,NA,"R_1TF8kdycvBwTY2p",80,65,"Comparative politics"
NA,NA,NA,4,2,NA,NA,4,NA,NA,NA,NA,"R_66hIyOJkS6WE3uP",25,10,"Political theory"
NA,4,NA,NA,NA,NA,NA,NA,3,NA,3,NA,"R_34EUuWGo2MaQbst",35,19,"Something other than political science"
NA,NA,3,NA,NA,NA,NA,NA,4,NA,NA,NA,"R_61tbC7kGwdk2oby",66,46,"American politics"
NA,NA,NA,NA,NA,NA,4,NA,NA,NA,NA,NA,"R_3M1lphOzeQsmLu1",60,30,"Political theory"
NA,NA,3,4,NA,NA,4,NA,NA,3,4,NA,"R_7YM1Uje6wqwblin",75,70,"American politics"
NA,NA,4,NA,NA,NA,NA,NA,NA,NA,NA,NA,"R_68AlX2pLipKswpz",100,85,"International relations"
4,NA,NA,NA,NA,NA,4,NA,4,NA,4,NA,"R_3d5Yf0kXf50r86d",81,10,"American politics"
4,NA,NA,NA,NA,NA,NA,4,NA,NA,NA,NA,"R_1ZVxYXEwJjsc0Da",60,30,"American politics"
NA,2,NA,NA,NA,3,4,NA,NA,NA,4,3,"R_5UiuWJyuAjNWLlH",80,75,"International relations"
NA,4,NA,NA,NA,4,NA,NA,NA,4,NA,2,"R_5Sltpg3uDjXmikh",40,30,"American politics"
NA,NA,NA,4,NA,NA,NA,NA,NA,3,NA,2,"R_5mcqlwgoDtCkVMJ",60,40,"Comparative politics"
NA,NA,4,NA,NA,4,4,NA,NA,NA,NA,2,"R_6dcPzdU68M2BJst",60,45,"Something other than political science"
NA,NA,NA,4,NA,NA,NA,NA,NA,NA,NA,NA,"R_5zd0Z7Gv3lTviwM",70,65,"American politics"
NA,3,NA,NA,NA,4,NA,4,NA,NA,NA,NA,"R_3PZyzKeYUgBXidw",75,65,"American politics"
NA,NA,4,NA,NA,NA,4,NA,4,NA,NA,NA,"R_6irllctdK3ZtoqJ",19,9,"American politics"
NA,NA,3,4,NA,NA,3,NA,NA,NA,NA,NA,"R_323cUarvhj2I9VC",60,41,"Comparative politics"
NA,NA,NA,NA,2,NA,NA,NA,NA,NA,NA,3,"R_5e8IZC4ronr5OYp",80,65,"Something other than political science"
4,NA,NA,NA,NA,4,4,NA,NA,4,NA,NA,"R_3Obh4r2GPNhFTSV",37,21,"Another field of political science"
NA,NA,NA,NA,NA,NA,NA,NA,NA,NA,NA,NA,"R_3WOS7byrZvL1wdz",71,51,"Comparative politics"
NA,NA,3,NA,NA,4,NA,NA,3,NA,NA,NA,"R_6DSxBbx00VQdW3w",85,80,"American politics"
4,NA,NA,NA,3,NA,4,NA,NA,NA,NA,NA,"R_7AN6bxke4qo5htL",75,50,"International relations"
NA,4,4,NA,NA,NA,NA,NA,NA,4,3,NA,"R_55zTO5zUYEnOMkH",50,10,"Political theory"
3,NA,NA,2,1,NA,NA,NA,4,NA,NA,NA,"R_5YtsqohPm7KFKeh",95,98,"Comparative politics"
4,NA,4,NA,NA,NA,NA,4,NA,3,NA,NA,"R_7GDpl4UTTSy5YlB",40,30,"Political theory"
4,NA,NA,NA,NA,NA,NA,NA,NA,3,NA,NA,"R_7HnouyoaE7JGom5",64,42,"American politics"
NA,NA,4,NA,NA,NA,NA,NA,NA,NA,4,NA,"R_6hAQhv9qIk6IVWx",80,60,"International relations"
NA,NA,NA,NA,NA,NA,4,NA,4,NA,NA,NA,"R_5TBlkXX4KmEIUek",41,20,"Political theory"
4,NA,NA,NA,NA,NA,4,4,NA,NA,3,NA,"R_5NVRvI5QqIDEQRf",70,50,"Comparative politics"
4,NA,NA,4,NA,NA,NA,NA,NA,NA,NA,NA,"R_6shyhmhuxeoy9E8",63,57,"American politics"
NA,NA,NA,4,NA,NA,NA,4,NA,3,NA,4,"R_7EzeLiTnUtI4ZeS",60,40,"American politics"
NA,NA,3,NA,NA,NA,NA,NA,NA,NA,NA,3,"R_71ygqPTnub8f26b",29,19,"American politics"
NA,NA,NA,NA,NA,4,NA,NA,NA,NA,4,NA,"R_7eQYAaocfHUioOO",60,30,"American politics"
NA,NA,NA,NA,NA,NA,NA,4,NA,NA,NA,NA,"R_6fLfTg4LDh5MkhP",85,80,"American politics"
4,NA,3,NA,NA,NA,NA,NA,4,NA,NA,NA,"R_6KONgfiquPtq5m9",90,80,"Comparative politics"
NA,NA,NA,NA,NA,NA,4,NA,NA,NA,3,3,"R_3aXTCzDyrW8zBxn",60,20,"American politics"
NA,3,NA,NA,NA,NA,4,NA,4,NA,3,NA,"R_3ht0bpsJrLD3AKu",80,60,"American politics"
NA,NA,NA,NA,3,NA,4,3,NA,NA,NA,NA,"R_6p3GtRJhQSpaVM6",90,90,"American politics"
NA,NA,NA,NA,NA,NA,NA,NA,NA,NA,NA,NA,"R_1O1KACenCk4xrXz",40,20,"Comparative politics"
NA,4,NA,NA,3,NA,NA,NA,NA,NA,NA,NA,"R_6kY97Pw7YxISg6s",65,55,"Comparative politics"
NA,NA,NA,NA,NA,4,NA,NA,NA,NA,NA,NA,"R_3PoyAPfUHm044Yp",70,50,"International relations"
4,NA,NA,NA,NA,NA,NA,NA,3,NA,NA,NA,"R_6KoyhmhMFCYuwiA",80,60,"American politics"
NA,NA,NA,NA,3,NA,4,NA,4,NA,4,3,"R_3VqKoktAQLyGHyd",52,42,"American politics"
NA,3,NA,NA,NA,NA,NA,NA,NA,4,3,3,"R_3YmlHq9D35SVdFT",40,40,"Another field of political science"
NA,NA,4,NA,NA,NA,NA,4,NA,NA,NA,NA,"R_7Yes4TnxVBEfmgN",92,55,"American politics"
NA,NA,NA,NA,NA,3,NA,3,NA,NA,NA,NA,"R_3dc0MGvDUZV0gGO",61,55,"International relations"
NA,NA,NA,NA,NA,NA,NA,NA,NA,NA,NA,3,"R_6usL4uH0NOpyj8F",69,56,"American politics"
NA,NA,NA,4,NA,NA,4,NA,NA,3,NA,NA,"R_5pnYPIE7dM5i3mu",30,9,"Another field of political science"
NA,NA,NA,NA,NA,NA,NA,4,NA,NA,NA,NA,"R_7q2NyGMd8tmCt0U",87,69,"International relations"
NA,NA,NA,NA,3,4,NA,NA,NA,4,NA,NA,"R_5eSKZYfzd2Hsh8d",70,30,"International relations"
NA,4,4,NA,NA,NA,NA,NA,3,3,NA,NA,"R_6t9fk15YRYSzERj",82,30,"Political theory"
NA,NA,NA,NA,3,NA,NA,NA,NA,4,NA,NA,"R_6PYqofLVnsH2GNV",60,25,"American politics"
NA,NA,NA,4,3,NA,NA,NA,NA,NA,NA,4,"R_3kLMSFPt8rd1v4R",78,55,"Comparative politics"
NA,3,NA,4,NA,NA,NA,NA,4,NA,NA,NA,"R_5zAOrpSCupo75Dy",65,30,"American politics"
NA,4,NA,NA,NA,NA,NA,NA,NA,NA,NA,NA,"R_3uUKyr1KfkV4nDc",65,50,"American politics"
4,NA,NA,NA,NA,NA,4,4,NA,NA,NA,NA,"R_3Y69PPg1NjwPpBm",70,40,"International relations"
NA,NA,NA,NA,NA,NA,4,NA,NA,NA,NA,NA,"R_1gSEld3WgSdH0nv",51,40,"American politics"
4,3,NA,NA,NA,NA,NA,NA,NA,NA,NA,NA,"R_6Du8qpDGilvRwoP",81,40,"American politics"
NA,NA,NA,4,NA,4,NA,4,NA,NA,NA,NA,"R_1MxRUkmsBw2KgTf",80,60,"American politics"
NA,NA,NA,NA,NA,4,NA,4,NA,NA,NA,NA,"R_7nBrEnwXiH4TNJI",85,75,"International relations"
NA,2,NA,NA,3,4,NA,NA,NA,NA,NA,NA,"R_1r385wAJYUE5IFB",82,82,"American politics"
NA,3,NA,NA,NA,NA,NA,NA,NA,3,NA,NA,"R_7pLWALKPmj9y8Xh",40,20,"American politics"
NA,NA,NA,4,NA,NA,NA,4,NA,NA,4,3,"R_82Gn5i3MSF04hwt",50,30,"Political theory"
NA,2,4,NA,NA,NA,NA,NA,NA,NA,NA,NA,"R_1UXcDF2KiaNjJEZ",70,60,"International relations"
NA,NA,NA,NA,NA,NA,NA,4,NA,4,NA,NA,"R_62D5BnGy8v8g0Ws",65,40,"International relations"
NA,3,NA,NA,NA,NA,NA,4,NA,NA,NA,NA,"R_7dTmzbHLSvRWOfc",72,91,"Political theory"
NA,NA,NA,NA,4,NA,4,NA,NA,NA,NA,NA,"R_51h7BvpcFCpbm5H",85,61,"International relations"
4,NA,NA,NA,NA,NA,NA,NA,NA,NA,NA,NA,"R_64x8x2w4ZZXWoLU",48,27,"Political theory"
4,NA,NA,NA,NA,4,NA,NA,NA,NA,3,NA,"R_7v2HY1PDjHV7nL8",85,85,"Comparative politics"
NA,NA,NA,NA,2,NA,4,NA,NA,NA,NA,NA,"R_16a2jejJDE9wNh1",70,65,"International relations"
NA,NA,NA,NA,NA,NA,NA,NA,NA,NA,NA,NA,"R_124lvvG5YSUjPwk",65,55,"Comparative politics"
NA,NA,NA,4,2,NA,4,NA,NA,NA,NA,4,"R_3dMlV01KWJNvblT",62,50,"Comparative politics"
NA,NA,NA,3,NA,3,NA,NA,NA,NA,NA,NA,"R_1FWT0vOwptI9YY1",50,35,"International relations"
NA,NA,3,NA,3,NA,NA,3,NA,NA,NA,NA,"R_3nubgjQQJAePRdt",70,51,"American politics"
NA,3,NA,NA,3,NA,NA,NA,NA,NA,NA,NA,"R_773xpx1YSuTzBVN",35,20,"International relations"
4,NA,NA,NA,NA,4,NA,NA,NA,NA,3,NA,"R_1kyXJKHGY8ghPQ1",60,25,"American politics"
NA,NA,4,NA,NA,NA,NA,NA,NA,NA,NA,4,"R_7e2JOsYPaMw8KzZ",57,49,"American politics"
4,NA,4,NA,NA,NA,4,NA,NA,4,NA,NA,"R_3uLvPvlUBpFHYKB",65,45,"Comparative politics"
NA,NA,NA,4,3,NA,NA,NA,NA,NA,NA,NA,"R_72kQCGtncih9mtH",87,74,"American politics"
NA,NA,4,NA,NA,4,NA,NA,NA,NA,NA,NA,"R_3oqeuszx4sonJRM",70,60,"Something other than political science"
NA,3,NA,NA,NA,NA,NA,NA,NA,3,NA,NA,"R_7DceTpu4Mv2cWdw",70,59,"American politics"
NA,3,3,3,3,NA,NA,NA,NA,NA,4,NA,"R_19zxT8S4pJAzNRL",65,55,"American politics"
NA,3,NA,NA,NA,NA,NA,NA,NA,2,NA,NA,"R_7eawSgAnpyP9ImT",77,87,"American politics"
4,NA,NA,4,NA,4,NA,NA,NA,NA,NA,NA,"R_7WDoMRDT6X4bf7R",80,60,"International relations"
4,4,NA,NA,3,NA,NA,NA,NA,NA,NA,NA,"R_3LoN4wytqhvq9bD",50,40,"American politics"
NA,NA,NA,NA,NA,NA,4,3,NA,NA,NA,NA,"R_5y1Qrg0q11B1TCp",91,89,"Comparative politics"
NA,NA,4,NA,3,NA,NA,NA,NA,NA,NA,NA,"R_11L4igRQgnYI58d",75,80,"Another field of political science"
NA,NA,NA,4,NA,NA,NA,4,NA,NA,NA,NA,"R_5OFXJWOJuuwXjod",65,30,"American politics"
NA,NA,3,NA,NA,NA,4,NA,NA,NA,NA,NA,"R_7OqsrlzZJKPg1EC",81,91,"Comparative politics"
NA,NA,4,NA,NA,NA,NA,NA,NA,3,NA,NA,"R_7WMDQa8pMGDrRBq",65,40,"American politics"
NA,NA,NA,NA,NA,NA,NA,NA,NA,NA,NA,NA,"R_3TMdgMWIOkp6Oe5",60,34,"International relations"
4,NA,NA,NA,NA,NA,NA,NA,NA,NA,NA,NA,"R_5Gp1uXviZhF6ag2",84,50,"International relations"
NA,NA,NA,NA,3,NA,NA,NA,NA,NA,NA,3,"R_6s0kITsF5qomXoQ",71,40,"Comparative politics"
NA,NA,NA,NA,NA,NA,NA,NA,NA,NA,3,NA,"R_3YRocrW2HCyXVgQ",81,65,"American politics"
NA,NA,NA,NA,1,NA,NA,3,NA,NA,NA,NA,"R_6TAJavzQSl4HIBs",91,95,"International relations"
NA,NA,NA,4,NA,NA,4,NA,4,NA,NA,4,"R_7rcTNDwqWKoVuKb",60,45,"American politics"
NA,NA,NA,NA,NA,NA,NA,NA,NA,NA,NA,3,"R_31YpFYrIG9QzqW2",50,35,"Comparative politics"
NA,3,NA,NA,NA,3,NA,NA,NA,NA,NA,NA,"R_7sldMg0cBnE2TRf",80,69,"American politics"
4,NA,3,4,NA,NA,NA,NA,NA,NA,NA,NA,"R_5EhoN3WOabGtxNm",66,40,"International relations"
NA,NA,NA,4,NA,4,NA,NA,NA,NA,4,NA,"R_5TsBPxa65znt98D",90,100,NA
NA,NA,NA,NA,3,2,NA,3,3,NA,NA,NA,"R_7NCv06HFlPLnXOA",80,80,"International relations"
4,NA,NA,NA,NA,4,NA,NA,NA,NA,NA,NA,"R_1lwOtyQEftGPc53",45,34,NA
NA,NA,NA,NA,NA,NA,NA,NA,NA,NA,NA,3,"R_3V7n9HpmZ6AhSTE",85,60,"American politics"
NA,NA,NA,NA,NA,4,NA,NA,NA,3,NA,NA,"R_7Pjo8BrMpHWVg8d",25,10,"Political theory"
NA,NA,NA,4,NA,NA,NA,NA,NA,NA,NA,NA,"R_1koCsu8EfSj3qcG",41,25,"Another field of political science"
NA,4,NA,NA,2,NA,NA,NA,NA,NA,NA,4,"R_7P29iqt5Q5vNJU5",65,80,NA
4,4,NA,4,NA,NA,NA,NA,NA,NA,NA,NA,"R_7PiqkKQ4YSqJNgZ",70,75,"Comparative politics"
NA,3,NA,NA,NA,NA,4,NA,NA,NA,NA,NA,"R_5jD05vuSUIcBH34",36,27,"International relations"
NA,4,NA,4,NA,NA,4,NA,NA,4,NA,NA,"R_5PSByECn4I8joOJ",35,10,"Comparative politics"
4,NA,NA,NA,NA,NA,NA,NA,NA,NA,NA,NA,"R_5JVAIDeMnl9pidX",86,99,NA
NA,NA,3,4,NA,NA,4,NA,NA,NA,NA,NA,"R_7g0YKypZhy7g6aP",85,60,"American politics"
NA,NA,4,NA,3,NA,NA,NA,NA,NA,3,NA,"R_7NWgrFxyciu6NqP",85,50,"International relations"
NA,3,NA,NA,NA,4,NA,3,NA,NA,3,NA,"R_5WmuHJyAqa94Fy1",75,68,"International relations"
4,NA,NA,4,NA,NA,NA,NA,NA,NA,NA,3,"R_5tzTJSd1BBcLDzj",26,20,"American politics"
NA,NA,NA,NA,NA,NA,NA,NA,NA,4,NA,NA,"R_1qyRLZEyEpSKeER",60,50,"American politics"
4,3,4,NA,NA,NA,NA,NA,NA,NA,3,NA,"R_7zUNK8RtYbdJ0YE",68,27,NA
NA,NA,NA,NA,3,NA,3,4,NA,NA,NA,NA,"R_32BZi2FMOWvF6LL",75,50,"Another field of political science"
NA,NA,NA,NA,NA,NA,4,NA,NA,NA,3,NA,"R_6DvDPuvbMotfYUV",7,24,"Political theory"
4,4,NA,NA,NA,NA,NA,4,NA,NA,4,NA,"R_1OpOGCXn9Koz5KI",10,0,"Political theory"
NA,3,NA,NA,3,NA,NA,4,NA,NA,NA,3,"R_2R8yjvxoAQPLkaP",67,40,"Comparative politics"
NA,NA,NA,NA,2,NA,NA,NA,NA,NA,NA,NA,"R_3Ik54YziSSXMbLj",60,55,"American politics"
NA,NA,NA,4,NA,NA,4,4,NA,3,NA,NA,"R_5rOd7cnH7ovpYdk",76,51,"Comparative politics"
NA,3,NA,3,2,NA,NA,NA,NA,NA,NA,NA,"R_7eOHxNvv4nkk3Iq",81,78,"Comparative politics"
NA,NA,4,NA,NA,4,NA,NA,NA,NA,NA,1,"R_3qeDzaY6jsSHDjJ",70,70,"Another field of political science"
4,4,NA,NA,2,NA,NA,NA,NA,NA,NA,3,"R_5Cw1zdVEe45urzj",35,40,NA
NA,NA,NA,NA,NA,NA,NA,3,4,NA,NA,NA,"R_5dRZEUvXKmJ2xq4",66,55,"American politics"
NA,NA,NA,NA,NA,NA,NA,NA,4,4,NA,NA,"R_7ea6sO2RupCk6Wp",75,61,"American politics"
NA,NA,NA,NA,3,4,NA,4,NA,NA,NA,NA,"R_3LTAFYCjTz6gW5w",38,10,NA
NA,NA,NA,NA,NA,4,NA,NA,NA,NA,NA,4,"R_6UasSjxdHLvltnm",71,72,"Political theory"
4,4,NA,NA,4,NA,NA,NA,NA,NA,4,NA,"R_3aCvLTEnuAxRVYZ",80,60,"American politics"
NA,NA,NA,4,NA,NA,NA,NA,NA,NA,NA,3,"R_1Ryfx8VpEsZ6ezU",65,70,"American politics"
3,3,3,NA,NA,NA,NA,4,4,NA,NA,NA,"R_55suu0r79cv72r7",51,31,"Comparative politics"
NA,NA,4,NA,NA,NA,NA,NA,NA,4,NA,4,"R_61mi1Hm9ROT2iJ8",9,4,"Something other than political science"
NA,4,NA,NA,NA,NA,NA,NA,4,NA,NA,NA,"R_546ElghhlnaQK6j",100,30,"American politics"
NA,NA,4,NA,3,4,NA,4,4,NA,NA,NA,"R_6y9Fae0sgvgIqaM",90,80,"International relations"
NA,NA,NA,NA,NA,4,NA,NA,NA,NA,NA,NA,"R_5tvNncmlP61mcHn",85,82,"Political theory"
NA,NA,4,NA,NA,NA,NA,NA,NA,4,NA,NA,"R_6jP8k0oFjotiG4f",48,47,"Comparative politics"
NA,NA,NA,NA,3,NA,NA,NA,NA,4,NA,NA,"R_1BzFk01ITWUGRhX",60,55,"American politics"
NA,3,NA,4,NA,NA,NA,NA,4,NA,NA,NA,"R_1M42vFwf04okT1s",85,85,"American politics"
NA,NA,NA,NA,3,NA,NA,NA,NA,NA,NA,NA,"R_1lz9lcn7O0hpFkF",70,60,"American politics"
NA,NA,NA,NA,NA,NA,4,NA,NA,4,4,4,"R_38NINbPPdWjs1Ud",64,33,"Comparative politics"
4,NA,4,NA,NA,NA,NA,NA,NA,NA,NA,NA,"R_63eGBLYRyYLcdzD",60,40,"American politics"
NA,NA,NA,NA,NA,NA,4,NA,4,NA,NA,NA,"R_346uf1Hy15dvzb5",90,80,"American politics"
NA,NA,NA,NA,NA,NA,NA,NA,NA,NA,NA,NA,"R_5C3TWEdkg9sCr73",67,65,"American politics"
NA,NA,NA,4,NA,NA,NA,4,NA,NA,NA,NA,"R_1j6Gfhsozu3rTMx",75,60,"International relations"
NA,NA,NA,NA,NA,NA,4,NA,NA,NA,NA,NA,"R_5qVyj1mZMupYdYs",50,20,"International relations"
NA,4,NA,4,NA,NA,NA,NA,NA,NA,NA,NA,"R_7rDLpRnq5GEu1hi",75,60,"Political theory"
4,NA,NA,4,NA,NA,NA,NA,4,NA,NA,NA,"R_6Hdusih9EHfVoqH",65,45,"International relations"
NA,NA,4,4,NA,NA,NA,NA,NA,NA,NA,NA,"R_3mgxzsSbdRVNN55",15,0,"Something other than political science"
NA,NA,NA,NA,NA,NA,4,4,4,NA,NA,NA,"R_1whuwg3fLlEMHeR",75,40,"American politics"
NA,NA,NA,NA,NA,NA,NA,NA,4,NA,NA,NA,"R_5fmfYuFVUDLaRM8",71,61,"Political theory"
NA,NA,NA,NA,NA,NA,4,NA,NA,NA,NA,4,"R_1bHP3U2BmsnGQTY",78,28,"Another field of political science"
NA,NA,NA,4,NA,4,3,NA,NA,NA,NA,3,"R_7N55Fa7LEGnvEaN",80,60,"International relations"
4,2,NA,NA,3,NA,NA,NA,NA,4,NA,NA,"R_6GC9Hqw0hDgkSoG",60,60,"American politics"
4,NA,NA,NA,NA,NA,NA,NA,NA,NA,NA,2,"R_7NxnsQlB3CkNttX",85,84,"International relations"
NA,NA,NA,NA,NA,NA,NA,NA,NA,NA,NA,NA,"R_5X0KALUVKRrSWOJ",86,66,"Comparative politics"
NA,NA,4,NA,3,NA,NA,NA,NA,NA,NA,4,"R_7GrnAQVp5xh9BWv",70,35,"Comparative politics"
NA,2,NA,NA,NA,NA,NA,3,NA,NA,NA,2,"R_1RUGi6qJvKJaOEH",80,75,"American politics"
NA,NA,4,4,NA,NA,NA,NA,NA,NA,3,NA,"R_5xDgui48e5hOKyZ",75,40,"Comparative politics"
NA,NA,NA,NA,NA,NA,NA,NA,NA,NA,NA,3,"R_5xmwn6fUViiOAH7",30,10,"International relations"
NA,NA,NA,NA,NA,4,NA,4,NA,NA,NA,NA,"R_3rqB1VvROSNIv7q",70,20,"International relations"
NA,NA,NA,NA,2,4,4,3,NA,NA,NA,NA,"R_4DMGoGnq0lKZAvD",96,96,"American politics"
NA,NA,NA,NA,NA,NA,2,NA,NA,3,NA,NA,"R_8z6riLFkQxEuU5b",91,91,"Comparative politics"
NA,NA,NA,NA,NA,NA,4,4,NA,NA,4,NA,"R_1MhWDGX6XnCwHc9",65,25,"Political theory"
NA,4,4,NA,NA,NA,NA,NA,4,NA,NA,NA,"R_6et9QgmToC2CUzS",70,40,"Comparative politics"
4,NA,4,NA,NA,NA,4,NA,NA,NA,NA,NA,"R_6YDHju0PSmUfQF8",70,70,"American politics"
NA,NA,NA,NA,NA,4,4,NA,NA,4,NA,NA,"R_3ukOVlZtwjiXo3f",65,55,"Political theory"
NA,NA,4,NA,NA,NA,NA,NA,NA,NA,4,4,"R_14GftZtQNBqZYu5",30,65,"International relations"
NA,3,4,4,NA,NA,NA,NA,NA,NA,NA,NA,"R_1l0pNiK5q5KzC3n",70,60,"International relations"
NA,NA,NA,NA,3,NA,4,NA,NA,NA,2,NA,"R_10UO0Wyd2DaHAFo",60,50,"International relations"
NA,NA,NA,4,NA,NA,4,NA,NA,NA,NA,NA,"R_3f8tohPGUyKXMu0",86,86,"American politics"
NA,NA,NA,NA,NA,NA,NA,NA,NA,NA,NA,NA,"R_7t8Lwvm4fvEiOz4",71,60,"American politics"
NA,NA,NA,NA,NA,NA,NA,4,NA,3,NA,NA,"R_1GLFWtUZ5ywkrOF",90,88,"Comparative politics"
NA,NA,NA,NA,NA,NA,NA,NA,NA,NA,NA,NA,"R_7zjbRx07Xy5yCno",50,25,"Political theory"
NA,3,NA,NA,NA,NA,4,NA,4,NA,NA,NA,"R_3V9ztS71r6JVdwl",25,10,"American politics"
4,3,NA,3,NA,NA,NA,NA,NA,3,4,NA,"R_5NwC2SCGplEBS24",60,40,"American politics"
NA,4,4,NA,NA,NA,NA,NA,NA,4,4,NA,"R_18qqoSpOFML2JrP",80,70,"American politics"
NA,NA,4,NA,NA,4,NA,NA,NA,4,NA,4,"R_1reH8vQApGeNNKx",75,65,"Comparative politics"
NA,NA,NA,NA,NA,4,4,4,NA,NA,NA,NA,"R_1D7JleLDhJqHAdG",70,68,"Another field of political science"
NA,NA,NA,NA,NA,NA,NA,NA,NA,NA,NA,3,"R_6qE0wm3pAOPytdR",67,39,"Another field of political science"
NA,NA,4,NA,3,NA,NA,NA,NA,NA,NA,NA,"R_1KkI2i7O4LQaOIh",70,55,"Political theory"
NA,NA,NA,NA,NA,NA,NA,NA,4,NA,4,NA,"R_3Hku5DIiXPsBWL6",71,51,"International relations"
4,NA,NA,NA,NA,4,NA,NA,NA,NA,NA,NA,"R_5qWj9DRlatGFvvu",80,70,"International relations"
4,NA,NA,4,NA,NA,NA,NA,NA,NA,4,NA,"R_1HHRzojU4yfR9L4",78,68,NA
4,NA,NA,NA,NA,4,NA,NA,4,NA,NA,NA,"R_7ps1O6bM7vnDKbn",85,80,"American politics"
NA,NA,NA,NA,NA,NA,NA,NA,NA,NA,NA,NA,"R_1EWdvHboofmOXmg",82,78,"Comparative politics"
NA,NA,NA,NA,NA,NA,4,NA,NA,3,NA,NA,"R_5oYjZEhCWXU2rDc",80,80,"American politics"
NA,3,NA,NA,2,NA,NA,NA,4,4,NA,3,"R_6YczjCDkEtzedSF",79,76,"International relations"
NA,NA,4,NA,NA,NA,4,NA,NA,NA,NA,NA,"R_5ALtDaFNp62HrfM",62,47,"International relations"
NA,3,NA,NA,NA,NA,NA,NA,NA,NA,NA,NA,"R_3DTu33Es7i5rsRr",85,50,"Comparative politics"
NA,3,NA,4,NA,NA,NA,4,4,NA,NA,NA,"R_5dFpvPNL8vQu1kh",71,60,"Comparative politics"
NA,NA,NA,NA,NA,NA,4,4,NA,NA,NA,2,"R_6EEs2IQqJJkRl2v",80,70,"American politics"
NA,NA,NA,NA,4,NA,NA,NA,4,NA,NA,NA,"R_6x3XUkZPYEA87cd",70,50,"American politics"
NA,NA,NA,NA,NA,NA,NA,NA,NA,NA,4,NA,"R_67s5ZeCC8GMtmP0",30,9,"Comparative politics"
3,NA,NA,NA,NA,NA,NA,NA,NA,4,4,3,"R_7rJoE8AVvJE34QJ",70,60,"American politics"
NA,NA,3,NA,NA,3,4,NA,NA,NA,3,NA,"R_1eF4vNP3c1YG7Ri",75,65,"Political theory"
NA,NA,NA,NA,2,NA,4,NA,NA,NA,NA,3,"R_3E7rKN6DkLSmFFZ",81,76,"American politics"
4,NA,NA,NA,NA,NA,NA,NA,NA,NA,NA,NA,"R_5lhoh1DKbcpEVpp",85,50,"Comparative politics"
NA,NA,NA,NA,2,NA,NA,4,NA,NA,NA,NA,"R_77jQWo9vZ9kek0B",61,40,"Comparative politics"
NA,NA,NA,NA,NA,NA,NA,3,3,3,NA,NA,"R_1jV2yVecZask55g",70,52,"American politics"
4,3,NA,NA,NA,NA,NA,NA,NA,NA,NA,NA,"R_1kZfJOq0qrAL7LH",75,68,"American politics"
NA,NA,NA,4,2,NA,NA,4,NA,NA,NA,2,"R_1DBgMSUMqDzeavt",60,50,"American politics"
NA,NA,3,NA,NA,NA,4,NA,NA,NA,4,NA,"R_7CB6lIoHNVoWbSY",72,54,"American politics"
4,NA,NA,NA,NA,NA,NA,NA,4,NA,NA,NA,"R_72shPnGk32sebiV",66,45,"International relations"
NA,NA,NA,NA,NA,NA,4,NA,4,NA,NA,2,"R_1Y3reYVEub63cgq",85,75,"American politics"
4,NA,NA,NA,NA,NA,4,NA,4,NA,NA,NA,"R_3QmtfZHHLVCDmHt",65,48,NA
NA,NA,NA,NA,NA,4,4,4,4,NA,NA,NA,"R_5C44Zb6meU2y30M",66,47,"American politics"
NA,NA,NA,4,NA,NA,NA,NA,NA,NA,NA,3,"R_61WMBg4zuefZdQb",84,70,"American politics"
NA,NA,NA,NA,NA,NA,NA,4,NA,NA,NA,NA,"R_5Xpz390QGiDvOp3",40,70,"Comparative politics"
NA,NA,3,NA,NA,NA,NA,NA,4,3,NA,NA,"R_5guPl1ZU5C2rU77",93,95,"Comparative politics"
NA,3,NA,NA,NA,NA,NA,NA,NA,NA,NA,NA,"R_3GgQE7JrqSJHLWh",80,65,"American politics"
NA,NA,NA,NA,2,NA,NA,NA,NA,NA,NA,NA,"R_5s5l2DLekDRVmuJ",78,60,"American politics"
4,NA,NA,NA,NA,NA,NA,NA,4,NA,NA,4,"R_13jxU3NoW4DG1So",85,80,"American politics"
NA,NA,3,NA,NA,NA,NA,NA,NA,NA,NA,3,"R_79jtQkBT6Yfxyrn",80,80,"Political theory"
NA,NA,4,4,NA,NA,NA,NA,NA,NA,NA,NA,"R_7DMg5YHoevfqYeA",80,75,"Comparative politics"
NA,NA,NA,NA,NA,NA,4,NA,NA,NA,NA,NA,"R_50qrVeA0YwPoJRB",84,18,"American politics"
NA,4,NA,4,4,NA,NA,NA,NA,NA,NA,NA,"R_7lAKqb3yE5HVYAT",90,90,"Another field of political science"
NA,NA,NA,NA,NA,NA,NA,4,NA,NA,4,NA,"R_7dyGG9jN8V54ntZ",65,45,"Political theory"
4,NA,NA,NA,NA,3,NA,NA,NA,NA,3,NA,"R_7Qsw8CShlLVHvie",81,78,"Comparative politics"
NA,3,NA,NA,NA,NA,2,NA,4,3,NA,NA,"R_7y2BBrecvjN4iwp",65,40,"Comparative politics"
NA,2,NA,NA,NA,NA,3,NA,NA,NA,3,2,"R_6ZNQo8Et9YsxMLl",88,80,"Comparative politics"
NA,NA,NA,4,NA,NA,4,NA,NA,NA,4,NA,"R_5Fs1qAjhjCmU8TW",85,75,"Comparative politics"
4,NA,NA,NA,NA,NA,NA,NA,NA,NA,NA,NA,"R_65WZLuPc7L7bVnz",80,75,"International relations"
NA,NA,NA,NA,NA,NA,NA,NA,4,NA,NA,NA,"R_5p4jYoSls15VYvn",63,43,"American politics"
NA,NA,4,NA,2,NA,4,NA,NA,NA,NA,NA,"R_6qaSL7caONtHtHe",85,70,"Comparative politics"
NA,NA,4,NA,NA,NA,NA,NA,NA,NA,NA,NA,"R_1r1Fmhj5WLh4hMP",60,30,"American politics"
NA,NA,4,NA,NA,NA,NA,NA,NA,NA,NA,4,"R_6OCZUE7f3lrF5Lj",75,70,"International relations"
NA,NA,NA,3,NA,NA,4,NA,NA,NA,NA,NA,"R_52xhxT8QnsDgI8S",85,80,"International relations"
NA,NA,NA,NA,NA,NA,NA,4,NA,NA,4,NA,"R_7kojPPXa6fj2BTC",40,32,"Comparative politics"
NA,3,NA,NA,2,NA,NA,4,NA,4,NA,NA,"R_14wzpEfFzmXuWe5",75,55,"Comparative politics"
4,NA,NA,4,NA,NA,NA,NA,4,4,NA,NA,"R_1YKZMjnaplVwahs",61,19,"American politics"
NA,NA,NA,NA,2,NA,NA,4,NA,3,NA,NA,"R_3WCf6XUlNb3aCLD",75,75,"Comparative politics"
NA,4,NA,NA,3,NA,NA,NA,NA,NA,NA,3,"R_3dh8OcpctA0QWbH",70,55,"Comparative politics"
NA,NA,NA,NA,NA,NA,NA,NA,NA,NA,NA,NA,"R_5stXVAow3JHM5hF",100,100,"American politics"
4,2,NA,2,NA,NA,NA,NA,NA,NA,NA,NA,"R_16n0fOS0S5ndeeL",70,60,"American politics"
4,NA,3,NA,NA,NA,4,NA,NA,NA,NA,NA,"R_8gpUAynF67hRCHW",85,65,"Comparative politics"
NA,4,NA,NA,NA,NA,NA,NA,NA,NA,NA,NA,"R_1QRqS2pmKxlmGSN",85,70,"American politics"
NA,NA,NA,NA,NA,NA,NA,NA,NA,NA,NA,NA,"R_5d0jtOZAGDGsovv",75,65,"International relations"
NA,NA,NA,NA,NA,NA,NA,NA,NA,NA,NA,NA,"R_30TfelxEttoNq9i",75,60,"Comparative politics"
NA,NA,NA,NA,NA,NA,NA,NA,4,NA,NA,NA,"R_7qf7Klsuh2MTMuK",9,0,"Something other than political science"
NA,NA,3,NA,NA,NA,NA,NA,NA,NA,NA,NA,"R_6NPtG1ICKfiUC8a",75,70,"American politics"
NA,NA,NA,NA,3,NA,NA,NA,4,NA,NA,NA,"R_1PADjCPilK3ICjf",30,20,"American politics"
NA,NA,4,NA,NA,NA,NA,NA,NA,NA,NA,NA,"R_1LiZI6qnKkAnjOx",81,70,"American politics"
NA,NA,NA,NA,NA,NA,4,NA,NA,4,NA,NA,"R_5lQgseA8g6vMnXQ",75,70,"Political theory"
NA,NA,NA,NA,NA,NA,NA,NA,4,4,NA,NA,"R_7JZs4JiXKumkfKN",76,71,"American politics"
NA,NA,NA,NA,NA,4,3,NA,NA,NA,4,NA,"R_7kywinae6Ek6KhH",60,40,"Something other than political science"
4,2,NA,NA,NA,NA,NA,NA,NA,NA,4,NA,"R_35GdyINTpiMfK2R",87,86,"International relations"
NA,NA,NA,NA,NA,NA,NA,NA,4,NA,NA,NA,"R_1plNa7I0TsNdKc2",76,51,NA
NA,NA,4,NA,NA,NA,NA,NA,NA,NA,NA,NA,"R_5MDy0ZjQD28MwIZ",45,35,"American politics"
NA,NA,NA,NA,NA,4,4,NA,NA,NA,NA,3,"R_6RhlDTCNH7gEHQJ",75,50,"American politics"
NA,NA,2,NA,4,NA,NA,NA,NA,NA,4,NA,"R_1lauQVmvelG0Tcg",20,10,"American politics"
NA,NA,NA,4,NA,4,3,NA,NA,NA,NA,2,"R_3rUvocxVivWwrsq",90,75,"Comparative politics"
NA,NA,4,NA,NA,NA,NA,NA,NA,NA,NA,NA,"R_1oEBgnFA4UpQe9X",80,60,"American politics"
NA,3,NA,NA,NA,4,NA,4,NA,3,NA,NA,"R_3Nk7FRywVbc9YYt",66,44,"Comparative politics"
4,NA,NA,NA,NA,NA,4,NA,NA,NA,NA,NA,"R_3TLWHMmqE0w08wS",70,50,"Comparative politics"
NA,4,NA,NA,3,NA,NA,4,4,NA,NA,NA,"R_6f5kXPeLCJk1cs1",88,82,"American politics"
NA,NA,NA,NA,NA,NA,4,NA,NA,NA,NA,NA,"R_5fuQg1tnnUUMs2c",60,55,"American politics"
4,NA,NA,NA,NA,NA,NA,3,NA,NA,NA,NA,"R_6JPIk08kwqMDDM0",80,70,NA
NA,NA,4,NA,NA,NA,NA,4,NA,NA,NA,NA,"R_5nx63p1vzbOkVX3",61,45,"International relations"
NA,NA,NA,NA,NA,NA,NA,NA,NA,NA,NA,NA,"R_3WGqGHBeLNFEW77",81,50,"International relations"
NA,NA,NA,4,2,4,NA,NA,NA,NA,NA,NA,"R_52bdiSqkrEcHEUp",70,60,"International relations"
NA,3,NA,NA,NA,NA,NA,NA,NA,4,4,NA,"R_1YiUAFHNfZJd5qF",30,19,"International relations"
NA,NA,4,NA,NA,NA,NA,4,4,NA,NA,NA,"R_7xDAXrIyaDLcD3b",36,14,"Another field of political science"
NA,NA,NA,NA,NA,4,NA,NA,NA,NA,NA,NA,"R_5yMQI2KT3yWyJhL",70,50,"American politics"
4,2,3,NA,NA,NA,NA,3,NA,3,NA,4,"R_5mFsPZfCvW6x0MX",60,50,"American politics"
NA,NA,NA,NA,NA,NA,NA,NA,NA,NA,NA,NA,"R_11gflJRy9zG0ayO",40,24,"American politics"
NA,NA,NA,4,3,4,NA,NA,NA,NA,NA,NA,"R_3Y9gEbfimx39rbQ",80,79,"International relations"
4,NA,4,NA,NA,NA,NA,4,NA,NA,NA,NA,"R_3xQWdHJFoMHXGUz",80,40,"Another field of political science"
NA,NA,NA,NA,2,NA,NA,4,NA,NA,NA,NA,"R_1WJ2Q4dp5S6IV1u",90,80,"American politics"
NA,NA,NA,NA,NA,3,4,4,NA,NA,NA,NA,"R_5G2FGl3aCEnvYqB",81,72,"Comparative politics"
NA,2,NA,NA,NA,3,NA,NA,NA,3,NA,NA,"R_74dAsKhicYDOvVi",80,90,"Political theory"
4,NA,NA,NA,3,NA,NA,4,NA,NA,NA,NA,"R_6hEhmGUpgPP4Xgz",70,61,"American politics"
NA,4,NA,NA,NA,NA,NA,NA,NA,NA,NA,NA,"R_1X6bbdE7wKhjNDz",61,59,NA
4,NA,NA,NA,NA,NA,NA,3,NA,NA,NA,NA,"R_6JEhCMDWfqshtwP",70,70,"International relations"
NA,NA,NA,NA,NA,4,NA,NA,NA,NA,NA,NA,"R_1psRLWtj36CSpdq",81,65,"International relations"
4,4,NA,NA,NA,4,NA,NA,NA,NA,NA,NA,"R_6yKiqb4cjkJ3Ekx",70,55,"International relations"
4,NA,NA,NA,3,NA,NA,NA,NA,NA,NA,NA,"R_3c15OfhrPQGcbui",55,30,"Comparative politics"
NA,NA,NA,NA,2,NA,NA,NA,4,NA,NA,NA,"R_3igsiyV2a5nrPEP",75,60,"International relations"
4,NA,NA,NA,3,NA,4,NA,NA,NA,NA,3,"R_1n1M4RdvrDdzGpU",45,40,"Comparative politics"
4,NA,NA,NA,NA,NA,NA,NA,4,NA,NA,NA,"R_7QMCwxWkEmcF99c",66,55,"Political theory"
NA,NA,NA,NA,3,NA,NA,NA,NA,4,NA,NA,"R_7pN0INWTMuc1JrL",25,20,"Political theory"
4,NA,4,3,NA,4,NA,NA,NA,NA,NA,NA,"R_10rbpGDEDB7HpTE",61,45,"American politics"
NA,3,NA,NA,NA,NA,NA,3,3,3,NA,NA,"R_1IHsTU4k1uPJvs5",75,55,"American politics"
NA,NA,4,NA,NA,NA,NA,4,NA,NA,2,NA,"R_5HBlmhgXqmWu6hy",53,40,"American politics"
NA,NA,NA,NA,NA,NA,NA,NA,4,NA,NA,2,"R_64NCSS7SzVgIhcB",85,65,"American politics"
NA,NA,4,4,NA,NA,NA,NA,NA,4,NA,NA,"R_7QoDl6sGxhk17d1",90,60,"Comparative politics"
NA,NA,3,NA,4,NA,NA,NA,NA,NA,NA,NA,"R_1e2jdCy2YHPyarv",9,15,"Political theory"
4,3,NA,NA,NA,NA,NA,NA,4,NA,3,4,"R_1ZemNTPHefQIxRT",30,25,"American politics"
NA,4,NA,NA,NA,NA,NA,NA,NA,NA,4,NA,"R_1kFVgbF9rVpAtCN",80,51,"American politics"
NA,NA,NA,3,NA,NA,NA,NA,NA,4,3,NA,"R_5qx5Pwfd1edMGW2",81,71,"American politics"
NA,NA,NA,NA,NA,NA,NA,4,NA,NA,NA,NA,"R_1zwLLbv1oMJyws9",70,45,"American politics"
NA,NA,NA,4,2,NA,NA,4,NA,NA,NA,NA,"R_5EXRkt5ZHJvke8M",61,19,"Another field of political science"
NA,NA,NA,4,3,4,NA,NA,4,NA,NA,NA,"R_1ZFjLhRblgfJmox",70,45,"International relations"
NA,NA,4,NA,4,NA,NA,NA,4,4,NA,4,"R_1S4rduFNZJBgcuJ",25,20,"Political theory"
4,NA,NA,NA,NA,NA,NA,4,NA,NA,4,NA,"R_1cnfUKwd1GoSYFH",60,40,"International relations"
4,NA,NA,4,NA,NA,NA,NA,NA,NA,NA,NA,"R_54CQPzh2YVstuDq",70,45,"American politics"
4,NA,NA,NA,NA,NA,NA,NA,NA,NA,NA,NA,"R_8WZu6GZ6wmssFPh",80,60,"Political theory"
NA,NA,NA,2,NA,NA,NA,NA,NA,NA,NA,4,"R_3EU1exorVvcij4Z",65,55,"American politics"
4,4,NA,4,NA,4,NA,4,NA,NA,NA,NA,"R_1OIxFe8g2odm3aM",50,40,"International relations"
NA,NA,NA,NA,2,4,NA,NA,NA,NA,NA,NA,"R_3mRlqARRZUur3Ed",92,92,"American politics"
NA,NA,NA,NA,NA,NA,NA,NA,NA,NA,NA,NA,"R_1j8ve0SvBtYEtcq",85,75,"International relations"
NA,NA,NA,NA,NA,3,NA,NA,NA,NA,3,NA,"R_1Cf54PCvgnd7w8k",85,60,"American politics"
NA,NA,NA,NA,NA,NA,NA,NA,4,NA,NA,NA,"R_6fZPnyQcp2ugE3a",60,52,"American politics"
NA,NA,NA,NA,NA,NA,NA,4,NA,NA,NA,NA,"R_6n8vtyZSpOqNB5Z",70,50,NA
NA,NA,NA,4,NA,NA,NA,NA,NA,NA,NA,NA,"R_5VKlEBURoqnzCEd",60,40,"International relations"
NA,4,NA,NA,NA,NA,3,NA,NA,NA,NA,NA,"R_1E0f31gJbMGvohH",70,35,"International relations"
NA,NA,NA,NA,NA,NA,4,NA,NA,4,2,NA,"R_6iVTw75Mzq5mQ45",70,60,"American politics"
NA,NA,NA,NA,3,NA,NA,4,NA,NA,NA,NA,"R_69nXlcHZWlNLs01",71,72,"International relations"
NA,NA,4,NA,NA,NA,4,4,NA,NA,NA,NA,"R_6nJlM6CiB7F9x5L",81,55,"International relations"
NA,NA,NA,NA,NA,4,NA,NA,NA,NA,NA,3,"R_3j8WNE9qemeu4Du",70,55,"Comparative politics"
NA,NA,NA,NA,NA,4,NA,NA,NA,4,NA,4,"R_6UhGSu6WCXpwsxO",74,60,"Comparative politics"
NA,NA,NA,NA,NA,NA,NA,NA,NA,4,4,NA,"R_6wprpaBy0MsX9Iw",70,55,"American politics"
4,NA,NA,NA,NA,NA,NA,NA,NA,NA,NA,NA,"R_6JIyP9R8QB8f4q0",61,51,NA
NA,NA,NA,NA,NA,NA,NA,NA,NA,NA,4,3,"R_3fpBz5qXfeDiy4K",60,50,"American politics"
NA,4,NA,NA,NA,NA,NA,NA,NA,4,NA,NA,"R_75ROfa2C0YfzANe",75,40,"Comparative politics"
NA,4,NA,NA,NA,NA,NA,NA,NA,NA,NA,NA,"R_5449nIt2Ld755JL",60,30,"Comparative politics"
NA,NA,NA,NA,NA,NA,NA,NA,NA,4,NA,NA,"R_5l9hIQcrLRVMRoZ",77,71,"American politics"
NA,NA,NA,NA,NA,NA,NA,NA,NA,NA,3,3,"R_5Pk9pLHbsQJdM6M",64,33,"Political theory"
NA,NA,NA,NA,3,4,NA,NA,NA,NA,4,NA,"R_1MJQamjeWDgGgx3",87,67,"Comparative politics"
NA,NA,NA,NA,NA,NA,4,NA,NA,4,NA,2,"R_68IHZtG8BKvUhDb",83,33,"International relations"
NA,NA,4,4,NA,4,NA,NA,NA,NA,NA,NA,"R_1zBXZGXkLON0Tno",51,51,"Comparative politics"
NA,2,NA,NA,NA,NA,4,NA,NA,NA,NA,NA,"R_6T6EVAefrqFPRw5",92,92,"American politics"
NA,NA,NA,NA,3,NA,NA,NA,NA,NA,NA,3,"R_1ERNTOxF15Il4dA",80,90,"American politics"
4,NA,NA,4,NA,NA,NA,NA,NA,NA,NA,NA,"R_636WAvl5MGkq8u2",60,40,"Comparative politics"
4,4,NA,NA,NA,NA,NA,NA,NA,NA,NA,NA,"R_6ibkwfqcnUZqlHj",20,20,"Something other than political science"
NA,NA,4,NA,NA,NA,NA,NA,NA,NA,NA,3,"R_3VeaIHPkawBx6eB",60,60,"American politics"
NA,NA,3,NA,NA,NA,NA,NA,4,NA,4,NA,"R_1syVI4B1hU2uBRT",75,39,"American politics"
NA,NA,NA,NA,NA,NA,NA,NA,2,3,NA,2,"R_8luG4JxmKSF1ziw",78,60,"Another field of political science"
NA,4,NA,NA,NA,NA,NA,NA,NA,NA,NA,3,"R_51n62gEbQiZav2s",65,50,"Another field of political science"
NA,NA,NA,NA,NA,NA,NA,4,NA,NA,NA,NA,"R_1FmK1sSrHL8BDhF",65,55,"American politics"
NA,NA,NA,4,NA,NA,NA,NA,NA,NA,4,NA,"R_1LbCrq9H7BynfgI",81,74,"Comparative politics"
NA,NA,NA,NA,NA,NA,3,NA,3,4,NA,NA,"R_1tcexo2BZhz3JGA",72,60,"International relations"
NA,3,NA,NA,NA,NA,NA,NA,NA,NA,NA,2,"R_5QQaGJZZmnT0FQp",76,41,"American politics"
NA,NA,NA,NA,NA,NA,NA,NA,NA,NA,NA,NA,"R_51hL6315R0DNmph",78,75,"Comparative politics"
NA,NA,4,NA,NA,NA,NA,NA,NA,NA,4,NA,"R_5FzciNDqQIn4oPh",40,9,"American politics"
NA,NA,NA,4,NA,NA,4,NA,NA,NA,NA,3,"R_5wiQEfAZoruO4JH",71,29,"Comparative politics"
NA,NA,NA,NA,3,3,NA,NA,3,NA,NA,NA,"R_1kzaGWwX9bPW8uZ",30,14,"Something other than political science"
NA,NA,NA,NA,4,NA,NA,NA,4,4,NA,NA,"R_6knkFC8DiMyvYmB",60,60,"International relations"
NA,NA,NA,NA,NA,NA,NA,4,NA,NA,NA,NA,"R_7DSWOCfSIjqjFSN",81,86,NA
4,NA,NA,4,NA,NA,NA,3,NA,NA,NA,NA,"R_1gUtXmo2K22zb6K",72,50,"Comparative politics"
4,NA,3,NA,2,NA,NA,NA,NA,NA,NA,NA,"R_5bA9wUeSnS1bbfb",71,71,NA
NA,4,NA,NA,NA,NA,NA,NA,NA,4,NA,NA,"R_12WjcdE2EoaKhkd",70,55,"American politics"
NA,2,NA,NA,NA,NA,NA,NA,4,NA,3,NA,"R_7uyojun8hHXxQGv",80,70,"International relations"
NA,NA,NA,NA,NA,NA,NA,NA,NA,NA,NA,NA,"R_66o5N2lgZk1QQ6L",54,40,"Comparative politics"
4,NA,NA,NA,NA,NA,NA,4,NA,NA,NA,NA,"R_3Eiex83Dlll8Jww",68,25,"Political theory"
NA,NA,NA,NA,4,NA,4,NA,NA,NA,NA,NA,"R_7fsxLzkdiTKky6R",28,77,"Comparative politics"
NA,3,NA,3,NA,NA,NA,NA,NA,NA,NA,3,"R_13ajFgUInRUymWH",70,40,"Political theory"
4,NA,NA,NA,NA,4,NA,NA,NA,NA,NA,NA,"R_1YHGsdE0COZBJRv",70,70,"International relations"
NA,NA,NA,NA,3,NA,NA,NA,4,NA,NA,NA,"R_7co3FhTH5j1jEXY",65,45,"Comparative politics"
NA,NA,NA,NA,NA,NA,NA,3,NA,NA,NA,NA,"R_7Kf2QNotdXAYMuF",73,60,NA
NA,NA,NA,NA,NA,NA,NA,NA,4,NA,4,NA,"R_7acVgmBKpWYv1fz",85,51,"American politics"
NA,NA,NA,NA,NA,NA,NA,NA,4,NA,NA,NA,"R_8FwZ002suYFnHwc",20,9,NA
NA,NA,NA,4,NA,NA,NA,NA,NA,NA,NA,NA,"R_3uKYzLNRlN3OK1i",54,36,NA
4,NA,NA,NA,2,NA,NA,NA,NA,NA,NA,NA,"R_3et2fxQ2yys7Vwu",75,60,"Comparative politics"
NA,NA,NA,NA,NA,NA,NA,NA,NA,4,NA,NA,"R_6aQ9R2EM3d7v0Gp",75,51,"Political theory"
NA,NA,NA,4,NA,NA,3,NA,NA,NA,NA,NA,"R_1gj6JLI4fP3sCBi",90,80,"International relations"
4,NA,NA,NA,NA,NA,3,NA,NA,NA,NA,3,"R_5N68RfLoNkVG95T",68,58,"American politics"
4,NA,3,3,NA,NA,NA,NA,NA,NA,NA,NA,"R_6sUFfmJJ7H7STFD",60,40,"American politics"
NA,NA,3,NA,2,NA,NA,4,3,NA,NA,NA,"R_7qZk4wYFyP9nx6x",92,89,"International relations"
NA,NA,NA,NA,NA,NA,NA,3,3,NA,NA,NA,"R_1GPI7t6ZnzXaXTj",85,70,"Comparative politics"
NA,3,4,NA,NA,NA,4,4,NA,NA,NA,NA,"R_73NSTrV6j0kWd8Z",NA,NA,NA
NA,3,NA,3,NA,NA,NA,NA,NA,NA,NA,NA,"R_1yjsKPJhYTKQcZf",75,66,"Comparative politics"
NA,3,NA,NA,NA,4,NA,NA,NA,NA,NA,NA,"R_3LaLLx4t9NzAkQA",71,51,"American politics"
NA,NA,NA,NA,NA,NA,NA,NA,NA,NA,NA,NA,"R_3sXCi3RZ0ZOu8yL",NA,NA,NA
NA,NA,NA,NA,NA,NA,4,NA,NA,4,NA,NA,"R_1D2yReRslYGbCQg",93,93,"Comparative politics"
NA,NA,NA,NA,NA,NA,NA,NA,3,NA,NA,NA,"R_62xmeZuiUCOyx8W",91,71,"Comparative politics"
NA,NA,NA,NA,NA,NA,4,NA,NA,NA,NA,NA,"R_1xYwlpy7kGVaWIn",90,85,"Comparative politics"
NA,NA,2,NA,NA,NA,NA,4,NA,NA,NA,NA,"R_52qXibWGmYi5hhU",85,80,"International relations"
NA,NA,NA,4,NA,4,NA,NA,3,4,4,NA,"R_6HtSuR12naBkQau",60,70,"Comparative politics"
NA,NA,4,4,NA,NA,NA,NA,4,NA,NA,NA,"R_8rOvzoY9yD54KNo",60,50,"American politics"
NA,NA,NA,NA,NA,4,NA,NA,NA,NA,NA,NA,"R_3wt51YpLSIJOyYd",70,75,"American politics"
NA,NA,3,4,NA,NA,NA,3,NA,NA,NA,NA,"R_5tppqaZB5Hrg2VH",86,92,"American politics"
4,NA,NA,NA,NA,4,NA,NA,NA,NA,NA,NA,"R_72EyKeE9FG7cAPx",88,93,"International relations"
NA,NA,NA,NA,NA,NA,NA,4,NA,4,NA,NA,"R_5XXtBohZ9EeaBUt",70,30,"American politics"
NA,NA,NA,4,NA,3,NA,NA,NA,NA,3,NA,"R_3hWE9XvN9gI9OpW",70,65,"Comparative politics"
NA,NA,NA,NA,NA,NA,4,NA,4,NA,NA,NA,"R_3R2HV9ToJ1aUENc",60,20,"International relations"
NA,3,4,NA,NA,4,NA,NA,NA,NA,NA,NA,"R_5opwjeaVfygiBkh",51,30,"Comparative politics"
NA,NA,NA,NA,NA,NA,NA,NA,3,NA,NA,NA,"R_61cO5WDfVZmVDwI",50,30,"International relations"
NA,NA,NA,NA,NA,NA,4,4,NA,NA,NA,NA,"R_1n0BimVL2lJnQa8",70,40,"American politics"
NA,NA,NA,NA,NA,NA,NA,4,NA,4,4,NA,"R_7kdeOEUf8GR5sfg",60,39,"Something other than political science"
NA,NA,NA,3,NA,NA,NA,4,NA,3,NA,NA,"R_6Cph9y7ugon975g",70,52,"American politics"
NA,NA,3,NA,NA,NA,NA,4,NA,NA,NA,NA,"R_4FOID57vjl8pq1o",80,65,"Comparative politics"
NA,3,NA,NA,NA,4,NA,NA,4,NA,NA,NA,"R_5gvxfj9bkTJGbw2",70,55,"Comparative politics"
NA,3,NA,NA,NA,4,4,NA,NA,NA,NA,NA,"R_1g4MzNV5QJQrE5X",55,40,"International relations"
4,NA,4,NA,NA,NA,4,NA,NA,NA,NA,NA,"R_6GJMf8dgojQLVcJ",75,50,"American politics"
4,NA,NA,NA,NA,NA,4,NA,4,NA,NA,NA,"R_1EZ6KGnleBXdrQw",71,61,"American politics"
4,NA,NA,NA,NA,NA,3,4,NA,NA,NA,NA,"R_5dzD3Bi13i0JkuZ",60,60,"American politics"
NA,NA,NA,4,NA,NA,NA,NA,NA,NA,NA,3,"R_6V70oAfHFvGykMN",83,72,"American politics"
NA,NA,NA,NA,NA,NA,NA,NA,NA,NA,NA,2,"R_1NIefTLN26E1GR2",80,70,"International relations"
NA,NA,NA,4,3,4,NA,NA,NA,NA,NA,NA,"R_3VXPEYKoyjKuFMZ",58,50,"Comparative politics"
NA,4,NA,4,NA,4,NA,NA,NA,NA,NA,NA,"R_665pgGVOgjdRcvn",30,30,"Another field of political science"
4,NA,NA,NA,NA,NA,NA,NA,NA,NA,4,4,"R_6di3neSttaTimnU",77,44,"Comparative politics"
NA,NA,NA,NA,3,NA,NA,NA,NA,NA,NA,NA,"R_5UPEczUAUdGXsRz",70,55,"American politics"
4,NA,NA,NA,NA,NA,NA,NA,NA,NA,4,NA,"R_7mBQNutoUhJku8p",80,65,"Comparative politics"
NA,NA,3,NA,NA,NA,NA,4,NA,NA,NA,NA,"R_3L56EHPR82zeK3v",92,40,"Political theory"
NA,NA,NA,NA,NA,NA,NA,NA,4,NA,NA,NA,"R_1V7rbVQ2nZDjSzM",75,60,"Comparative politics"
4,NA,NA,4,NA,NA,4,4,NA,NA,NA,NA,"R_6jwutKUEgSE8dk5",70,50,"American politics"
NA,NA,NA,NA,NA,NA,NA,4,NA,3,NA,NA,"R_7I0J5ZTBjfV4fmN",65,60,"American politics"
NA,NA,NA,NA,NA,NA,NA,NA,NA,NA,NA,NA,"R_50USgTYUuK3uI9f",67,15,"American politics"
NA,NA,NA,NA,NA,NA,NA,NA,NA,NA,3,NA,"R_7SAsqTdT3HWt8Zj",45,31,"American politics"
NA,3,NA,NA,NA,4,NA,NA,NA,NA,4,NA,"R_5Ffj13b08PQz9Wu",59,47,"Comparative politics"
NA,NA,NA,NA,3,4,NA,4,NA,NA,NA,NA,"R_7y8PK2OoOSgtpm1",85,60,"Another field of political science"
4,NA,NA,4,NA,NA,NA,NA,NA,NA,NA,NA,"R_7P4wosOtBaQCGM5",76,66,"American politics"
NA,NA,NA,NA,1,NA,NA,NA,NA,NA,NA,3,"R_64OWnXyk17Jn78d",50,50,"American politics"
NA,2,NA,NA,3,NA,NA,NA,NA,NA,NA,NA,"R_7kYpoFqd7qr6iEp",60,81,"Something other than political science"
NA,NA,NA,NA,NA,NA,4,4,NA,NA,NA,NA,"R_1DTXNk241W3dUNc",34,NA,"American politics"
4,2,NA,NA,NA,NA,NA,NA,NA,NA,NA,NA,"R_1U1arsSyper1w3L",85,65,"Comparative politics"
NA,NA,NA,NA,NA,4,NA,NA,NA,4,NA,3,"R_1CCVkvXkZOxRiJt",70,35,"International relations"
NA,NA,NA,NA,NA,3,NA,NA,NA,NA,4,NA,"R_5VgRvd3i7i8nXyi",40,30,"Comparative politics"
NA,4,NA,4,3,NA,NA,NA,NA,4,NA,NA,"R_63BRKQy4b1InQ4x",70,40,"American politics"
NA,NA,NA,NA,2,NA,NA,NA,NA,NA,3,NA,"R_5vcbhKC4yAbAWT2",81,71,"Comparative politics"
NA,3,4,NA,NA,NA,NA,NA,NA,NA,3,NA,"R_5EnMgnjthd2Dqs8",60,55,"International relations"
NA,NA,NA,NA,NA,NA,NA,NA,4,NA,NA,NA,"R_5SAblD0hpKl8EN3",82,80,"American politics"
NA,NA,NA,4,NA,4,NA,NA,NA,4,NA,NA,"R_3PM4FIYiJOFBVLu",69,51,"American politics"
NA,NA,NA,NA,3,NA,NA,NA,NA,NA,NA,NA,"R_3QtcW1VJXIg4MfB",77,73,"American politics"
NA,NA,NA,4,NA,NA,NA,4,NA,NA,NA,4,"R_15a66TUQoYGMrqV",40,30,"American politics"
NA,NA,4,NA,NA,NA,NA,NA,NA,NA,NA,NA,"R_3gO3wFfXAYZr9vd",55,40,"American politics"
3,NA,NA,NA,NA,4,3,NA,NA,NA,NA,NA,"R_7O0bpW69QL97fsz",40,50,"International relations"
NA,NA,3,NA,3,NA,NA,NA,NA,NA,NA,NA,"R_1MEwZsHywixdrVG",73,54,"American politics"
NA,NA,NA,NA,NA,NA,4,NA,NA,NA,NA,NA,"R_7dfRkVMU8ErxpHZ",73,73,"American politics"
NA,2,NA,NA,NA,3,NA,3,NA,4,NA,NA,"R_5CwhwF5fQghtoQ3",70,60,"Comparative politics"
NA,3,NA,NA,NA,NA,NA,4,NA,4,NA,NA,"R_5NbezP0nqrNDHmp",95,95,NA
NA,3,NA,NA,NA,NA,NA,4,NA,NA,NA,NA,"R_5oq1eh00zXXAeIS",75,70,"International relations"
4,NA,NA,NA,3,NA,NA,NA,NA,4,NA,NA,"R_38J6iLKrPLwii1X",50,50,"American politics"
NA,NA,NA,NA,NA,NA,4,NA,NA,4,NA,3,"R_5xQfbq67EE1GIaR",77,60,"Comparative politics"
NA,3,NA,NA,NA,NA,NA,NA,NA,4,NA,NA,"R_3GQameaaIenXICo",80,40,"Comparative politics"
NA,NA,NA,4,NA,NA,NA,NA,NA,NA,3,3,"R_5dRJWF7N5c7UJ5Q",75,55,"Comparative politics"
